{"count":1,"self":57.531935999999995,"total":57.9511596,"children":{"InitializeActuators":{"count":57,"self":0.0020078,"total":0.0020078,"children":null},"InitializeSensors":{"count":57,"self":0.0019982999999999997,"total":0.0019982999999999997,"children":null},"AgentSendState":{"count":2838,"self":0.012994299999999999,"total":0.030699399999999998,"children":{"CollectObservations":{"count":4408,"self":0.0092876,"total":0.0092876,"children":null},"WriteActionMask":{"count":4408,"self":0.0029137,"total":0.0029137,"children":null},"RequestDecision":{"count":4408,"self":0.0055038,"total":0.0055038,"children":null}}},"DecideAction":{"count":2838,"self":0.31620739999999997,"total":0.31620739999999997,"children":null},"AgentAct":{"count":2838,"self":0.0642927,"total":0.0642927,"children":null}},"gauges":{"Movemen.CumulativeReward":{"count":2,"max":-10.0001335,"min":-10.0001335,"runningAverage":-10.0001335,"value":-10.0001335,"weightedAverage":-10.0001335}},"metadata":{"timer_format_version":"0.1.0","start_time_seconds":"1717018085","unity_version":"2022.3.20f1","command_line_arguments":"C:\\Users\\nokon\\OneDrive\\Рабочий стол\\NEURAL GAME\\Neural Game.exe","communication_protocol_version":"1.5.0","com.unity.ml-agents_version":"2.0.1","scene_name":"GameScene","end_time_seconds":"1717018143"}}